synset_old	lemma	src_old	usr_old
10129825-n	perawan	msa	fcbond
13846199-n	yg pertama	msa	hannahchoi
01727303-a	semula jadi	msa	hannahchoi
01727303-a	hutan	msa	hannahchoi
00212604-r	pernah	msa	hannahchoi
00019339-r	pernah	msa	hannahchoi
08884961-n	surrey	msa	fcbond
90000031-n	Festival Tiongchupia	ntumc	nurizdihar
80000848-a	open-flamed	ntumc	nurizdihar
00049003-n	masuk	ntumc	hannahchoi
90000228-n	Orchard	ntumc	hannahchoi
01777210-v	seperti	msa	hannahchoi
01824736-v	seperti	msa	hannahchoi
90000016-n	China Singapura	ntumc	hannahchoi
01617192-v	buatan	msa	hannahchoi
00931847-n	buatan	msa	hannahchoi
80001040-n	Topshop	ntumc	hannahchoi
00017881-r	seperti	ntumc	hannahchoi
05122557-n	yang terbesar	msa	hannahchoi
07815588-n	lada/merica	msa	hannahchoi
13832355-n	ke arah timur	msa	hannahchoi
80001116-n	keropok	ntumc	wangwenjie
77000018-n	kita	ntumc	fcbond
77000076-a	dua-duanya	pron	fcbond
77000076-a	kedua-duanya	pron	fcbond
77000076-a	keduanya	pron	fcbond
77000029-n	mereka	pron	lmorgado
09535255-n	KAMI	msa	davidmoeljadi
03255648-n	orang-orang	msa	davidmoeljadi
04143712-n	orang-orang	msa	davidmoeljadi
02129289-v	dilihat	msa	davidmoeljadi
02163746-v	dilihat	msa	davidmoeljadi
01833401-a	rang	msa	davidmoeljadi
00950592-a	isi	msa	davidmoeljadi
01643620-a	usia	msa	davidmoeljadi
01579128-a	lalu	msa	davidmoeljadi
01013279-a	lalu	msa	davidmoeljadi
09092497-n	aku	msa	hannahchoi
09092497-n	saya	msa	hannahchoi
06784966-n	kes	msa	davidmoeljadi
02129604-n	pak belang	msa	davidmoeljadi
00542120-v	kondisi	msa	davidmoeljadi
00542120-v	posisi	msa	davidmoeljadi
00043794-r	nya	msa	davidmoeljadi
00043794-r	-nya	msa	davidmoeljadi
11465888-n	jerebu	msa	davidmoeljadi
05675130-n	kesedaran	msa	davidmoeljadi
02737876-v	tempat	msa	lmorgado
02737876-v	menjadi ahli	msa	lmorgado
02737876-v	dipunyai	msa	lmorgado
00213794-v	boleh	msa	fcbond
00213794-v	bisa	msa	fcbond
14134623-n	hati	msa	hannahchoi
13776342-n	batu	msa	davidmoeljadi
01579128-a	lepas	msa	davidmoeljadi
15235126-n	saat	msa	davidmoeljadi
15235126-n	ketika	msa	davidmoeljadi
05131023-n	jauhnya	msa	davidmoeljadi
05129565-n	perpisahan	msa	davidmoeljadi
05129565-n	jauh	msa	davidmoeljadi
05129565-n	berjauhan	msa	davidmoeljadi
05129565-n	berjarak	msa	davidmoeljadi
00043003-r	oleh kerana itu	msa	davidmoeljadi
00043003-r	kerana itu	msa	davidmoeljadi
02402825-v	bisa	msa	davidmoeljadi
02402825-v	dapat	msa	davidmoeljadi
02402825-v	disingkir	msa	davidmoeljadi
02402825-v	mengalengkan	msa	davidmoeljadi
00213794-v	dapat	msa	davidmoeljadi
00213794-v	sanggup	msa	davidmoeljadi
00213794-v	berupaya	msa	davidmoeljadi
02544048-a	yg mengerikan	msa	hannahchoi
02544048-a	yang mengerikan	msa	hannahchoi
01046932-v	lolongan	ntumc	hannahchoi
13750415-n	ratus,ratus	msa	davidmoeljadi
02717472-v	membayang-bayangkan	msa	davidmoeljadi
09540430-n	sprite	msa	davidmoeljadi
10476086-n	banduan	msa	davidmoeljadi
01638438-a	orang perempuan tua	msa	davidmoeljadi
00067129-v	menangis tersedu-sedu	msa	davidmoeljadi
08629508-n	bahagian belakang	msa	davidmoeljadi
00781000-v	meneruskan pekerjaan	msa	davidmoeljadi
13849710-n	ratusan	msa	davidmoeljadi
13746512-n	dasawarsa	msa	davidmoeljadi
13746512-n	dekade	msa	davidmoeljadi
01712704-v	menunjukkan prestasi	msa	davidmoeljadi
01712704-v	menunjukkan permainan	msa	davidmoeljadi
02684924-v	meneruskan pekerjaan	msa	davidmoeljadi
02747709-v	melanjutkan	msa	davidmoeljadi
02747709-v	meneruskan	msa	davidmoeljadi
02747709-v	diteruskan	msa	davidmoeljadi
00180756-r	ke samping	msa	davidmoeljadi
00180756-r	ke sisi	msa	davidmoeljadi
00180756-r	ke tepi	msa	davidmoeljadi
00180756-r	jarak antara	msa	davidmoeljadi
00180756-r	dalam jarak	msa	davidmoeljadi
00180756-r	terasing	msa	davidmoeljadi
00180756-r	ke sebelah	msa	davidmoeljadi
00950002-a	di luar	msa	davidmoeljadi
00950002-a	ke luar	msa	davidmoeljadi
02669081-v	di luar	msa	davidmoeljadi
01692222-a	di luar	msa	davidmoeljadi
08613593-n	di luar	msa	davidmoeljadi
08613593-n	kelihatannya	msa	davidmoeljadi
08613593-n	nampaknya	msa	davidmoeljadi
08613593-n	bahagian luar	msa	davidmoeljadi
00045607-r	di sebelah sana	msa	davidmoeljadi
00045607-r	di seberang sana	msa	davidmoeljadi
00232862-r	di luar	msa	davidmoeljadi
01692969-a	di luar	msa	davidmoeljadi
01692969-a	ke luar	msa	davidmoeljadi
00488187-a	jarang sekali terdapat	msa	davidmoeljadi
00488187-a	jarang sekali terdapat,luar biasa	msa	davidmoeljadi
00488187-a	menghairankan	msa	davidmoeljadi
00488187-a	di luar dugaan	msa	davidmoeljadi
06802571-n	bunga-bunga	msa	davidmoeljadi
06802571-n	orang yang mendahului	msa	davidmoeljadi
06802571-n	tanda akan datangnya	msa	davidmoeljadi
06802571-n	orang yg mendahului	msa	davidmoeljadi
13988498-n	negara	msa	davidmoeljadi
13988498-n	menyatakan	msa	davidmoeljadi
10021892-n	Dr	msa	davidmoeljadi
01208797-n	terima kasih	msa	wangwenjie
00018043-r	tanggung jawab	msa	davidmoeljadi
00018043-r	baik	msa	davidmoeljadi
02603699-v	insan	msa	davidmoeljadi
02603699-v	orang	msa	davidmoeljadi
02603699-v	makhluk	msa	davidmoeljadi
02603699-v	manusia	msa	davidmoeljadi
02603699-v	kelihatan	msa	davidmoeljadi
02603699-v	wujud	msa	davidmoeljadi
02603699-v	berdiri	msa	davidmoeljadi
02603699-v	nampak	msa	davidmoeljadi
80001270-v	tiada	ntumc	davidmoeljadi
06339416-n	gelaran	msa	davidmoeljadi
00294245-v	menjadi makmur	msa	davidmoeljadi
00294245-v	berkembang	msa	davidmoeljadi
00294245-v	bermayang	msa	davidmoeljadi
00294245-v	bunga	msa	davidmoeljadi
00294245-v	memekar	msa	davidmoeljadi
02676054-v	berhubungan	ntumc	hannahchoi
01111570-v	kembali ke	msa	hannahchoi
03974215-n	ujung	ntumc	hannahchoi
00005526-v	dada menampi	msa	davidmoeljadi
00005526-v	berembus	msa	davidmoeljadi
00005526-v	beralun	msa	davidmoeljadi
01380122-v	menyebarluaskan	msa	davidmoeljadi
01380122-v	menyebarkan	msa	davidmoeljadi
01380122-v	menyebabkan merebak	msa	davidmoeljadi
01380122-v	menyemaikan	msa	davidmoeljadi
01380122-v	membuyarkan	msa	davidmoeljadi
01380122-v	menularkan	msa	davidmoeljadi
01380122-v	memindahkan	msa	davidmoeljadi
01380122-v	merentangkan	msa	davidmoeljadi
01380122-v	propaganda	msa	davidmoeljadi
01380122-v	menghamburkan	msa	davidmoeljadi
01380122-v	membabarkan	msa	davidmoeljadi
01380122-v	memindahi	msa	davidmoeljadi
14924602-n	jed	msa	davidmoeljadi
08588294-n	di dlm	msa	davidmoeljadi
08588294-n	di dalam	msa	davidmoeljadi
00117620-r	maka	msa	davidmoeljadi
02655135-v	orang	msa	davidmoeljadi
02655135-v	insan	msa	davidmoeljadi
02655135-v	makhluk	msa	davidmoeljadi
02655135-v	manusia	msa	davidmoeljadi
02655135-v	kelihatan	msa	davidmoeljadi
02655135-v	nampak	msa	davidmoeljadi
00350104-v	memulai lagi	msa	davidmoeljadi
00350104-v	menyambung semula	msa	davidmoeljadi
00350104-v	meneruskan lagi	msa	davidmoeljadi
03299261-n	lainnya	pron	davidmoeljadi
02531088-v	bersusah payah utk	msa	davidmoeljadi
02531088-v	berusaha bersungguh-sungguh utk	msa	davidmoeljadi
01915365-v	memasukkan dan mengeluarkan barang-barang transit	msa	davidmoeljadi
08489497-n	di sini	msa	takkur
08489497-n	disini	msa	takkur
08489497-n	lokasi ini	msa	takkur
08489497-n	tempat ini	msa	takkur
00047392-r	juga	msa	hannahchoi
00047392-r	yg amat	msa	hannahchoi
01320872-n	wanita	msa	fcbond
00583246-n	memanggil	msa	hannahchoi
01031256-v	kirimkan	ntumc	hannahchoi
00931852-v	maksudkan	ntumc	hannahchoi
00955148-v	maksudkan	msa	hannahchoi
01824244-a	lebih keras	msa	hannahchoi
03584829-n	besi	msa	hannahchoi
07663899-n	perkedel	ntumc	wangwenjie
04557648-n	bohongan	msa	hannahchoi
02342899-a	baik sekali	msa	hannahchoi
01020005-v	katanya	msa	hannahchoi
08964647-n	West Malaysia	msa	wangwenjie
09617867-n	ahli dlm sst bidang	msa	hannahchoi
14483917-n	can	msa	hannahchoi
00654885-n	heran	msa	hannahchoi
04054213-n	mrt singapura	msa	wangwenjie
90000325-n	belacan	ntumc	wangwenjie
90000325-n	belachan	ntumc	wangwenjie
90000325-n	terasi	ntumc	wangwenjie
90000325-n	terasie	ntumc	wangwenjie
90000325-n	trassi	ntumc	wangwenjie
00071840-r	dari	msa	hannahchoi
00071840-r	terhadap	msa	hannahchoi
00071840-r	rata-rata	msa	hannahchoi
00071840-r	kira-kira	msa	hannahchoi
00071840-r	tentang	msa	hannahchoi
00071840-r	lebih kurang	msa	hannahchoi
00071840-r	menjelang	msa	hannahchoi
00193194-r	dari	msa	hannahchoi
00193194-r	daripada	msa	hannahchoi
01645601-v	aktiviti	msa	hannahchoi
00071840-r	di sekitar	msa	hannahchoi
01645601-v	berbuat	msa	hannahchoi
01645601-v	kerja	msa	hannahchoi
01645601-v	menimbulkan sst	msa	hannahchoi
01664172-v	bercadang	msa	hannahchoi
01664172-v	berhadir	msa	hannahchoi
01645601-v	menimbulkan sesuatu	msa	hannahchoi
01645601-v	menyebabkan timbulnya sesuatu	msa	hannahchoi
01645601-v	menyebabkan timbulnya sst	msa	hannahchoi
01645601-v	terjadi	msa	hannahchoi
01645601-v	membuatkan	msa	hannahchoi
01712704-v	berbuat	msa	hannahchoi
02560585-v	aktiviti	msa	hannahchoi
02560585-v	membentuk watak	msa	hannahchoi
02560585-v	membuatkan	msa	hannahchoi
02560585-v	berbuat	msa	hannahchoi
02561995-v	aktiviti	msa	hannahchoi
02568672-v	berlatih	msa	hannahchoi
02568672-v	latih	msa	hannahchoi
02568672-v	latihan	msa	hannahchoi
07886572-n	bru	msa	hannahchoi
07886572-n	membuat	msa	hannahchoi
07886572-n	buat	msa	hannahchoi
00233687-r	dengan	msa	hannahchoi
00233687-r	tangeh	msa	hannahchoi
00417787-r	dengan	msa	hannahchoi
13137409-n	sejenis buah	msa	hannahchoi
00110533-r	bahagian dalam	msa	hannahchoi
00110533-r	di dalam	msa	hannahchoi
00110533-r	di sebelah dalam	msa	hannahchoi
00110533-r	ke dalam	msa	hannahchoi
00110533-r	sebelah dalam	msa	hannahchoi
00110533-r	kanan	msa	hannahchoi
00110533-r	kiri	msa	hannahchoi
00305821-r	terlalu membebani	msa	hannahchoi
00948985-a	sebelah dalam	msa	hannahchoi
00950272-a	bhg dalam	msa	hannahchoi
00950272-a	bhg dlm	msa	hannahchoi
00950592-a	bahagian dalam	msa	hannahchoi
00950592-a	di dalam	msa	hannahchoi
00950592-a	ke dalam	msa	hannahchoi
00950592-a	di	msa	hannahchoi
00951831-a	bhg dalam	msa	hannahchoi
00951831-a	bhg dlm	msa	hannahchoi
00951831-a	di dalam	msa	hannahchoi
00951831-a	di dlm	msa	hannahchoi
01456710-a	pepak	msa	hannahchoi
01456710-a	bunting	msa	hannahchoi
01456710-a	tepu	msa	hannahchoi
01651741-a	dalam	msa	hannahchoi
01863066-a	mempunyai hak istimewa	msa	hannahchoi
08588152-n	bahagian dalam	msa	hannahchoi
08588152-n	di dalam	msa	hannahchoi
08588152-n	di dlm	msa	hannahchoi
08588152-n	bhg dalam	msa	hannahchoi
08588152-n	dlm hati	msa	hannahchoi
08588152-n	bhg dlm	msa	hannahchoi
08588152-n	dlm negeri	msa	hannahchoi
08588152-n	sebelah dalam	msa	hannahchoi
08588152-n	dalam negeri	msa	hannahchoi
08588152-n	dalam hati	msa	hannahchoi
08588152-n	sebelah dlm,dlm	msa	hannahchoi
08588152-n	domestik	msa	hannahchoi
08588152-n	batin	msa	hannahchoi
09263811-n	dalam	msa	hannahchoi
00069472-r	di	msa	hannahchoi
00069472-r	pada	msa	hannahchoi
00069472-r	atas	msa	hannahchoi
00085002-r	di	msa	hannahchoi
00085002-r	ke	msa	hannahchoi
00085002-r	tempat lain	msa	hannahchoi
00249736-r	di	msa	hannahchoi
00249736-r	di dalam	msa	hannahchoi
00249736-r	di sampingnya	msa	hannahchoi
00249736-r	di sebelahnya	msa	hannahchoi
00249736-r	di sisinya	msa	hannahchoi
00249736-r	ke atas	msa	hannahchoi
00249736-r	ke dalam	msa	hannahchoi
00501990-r	atas	msa	hannahchoi
00501990-r	di	msa	hannahchoi
00501990-r	pada	msa	hannahchoi
01651196-a	pada	msa	hannahchoi
01651196-a	ditarik	msa	hannahchoi
01651196-a	di	msa	hannahchoi
01651196-a	atas	msa	hannahchoi
00004475-n	badan yg menjalankan tugas	msa	hannahchoi
00004475-n	benda hidup	msa	hannahchoi
00004475-n	orang	msa	hannahchoi
00004475-n	manusia	msa	hannahchoi
00004475-n	insan	msa	hannahchoi
00007846-n	ada orang	msa	hannahchoi
00007846-n	orang perseorangan	msa	hannahchoi
00007846-n	sso yg dipandang tinggi	msa	hannahchoi
00007846-n	unik	msa	hannahchoi
02472987-n	lelaki	msa	hannahchoi
02472987-n	orang dari golongan atasan	msa	hannahchoi
02472987-n	sso yg dipandang tinggi	msa	hannahchoi
02604760-v	insan	msa	hannahchoi
02604760-v	makhluk	msa	hannahchoi
02604760-v	manusia	msa	hannahchoi
02604760-v	mempunyai ukuran	msa	hannahchoi
02604760-v	orang	msa	hannahchoi
02604760-v	berukuran	msa	hannahchoi
02614181-v	insan	msa	hannahchoi
02614181-v	makhluk	msa	hannahchoi
02614181-v	manusia	msa	hannahchoi
02614181-v	orang	msa	hannahchoi
02620587-v	insan	msa	hannahchoi
02620587-v	makhluk	msa	hannahchoi
02620587-v	manusia	msa	hannahchoi
02620587-v	mewakili	msa	hannahchoi
02620587-v	orang	msa	hannahchoi
02620587-v	terdiri daripada	msa	hannahchoi
02664769-v	orang	msa	hannahchoi
02664769-v	makhluk	msa	hannahchoi
02664769-v	insan	msa	hannahchoi
02664769-v	mempunyai ukuran	msa	hannahchoi
02664769-v	manusia	msa	hannahchoi
02697725-v	insan	msa	hannahchoi
02697725-v	makhluk	msa	hannahchoi
02697725-v	manusia	msa	hannahchoi
02697725-v	orang	msa	hannahchoi
02702508-v	dihargai	msa	hannahchoi
02702508-v	insan	msa	hannahchoi
02702508-v	makhluk	msa	hannahchoi
02702508-v	manusia	msa	hannahchoi
02702508-v	menghargakan	msa	hannahchoi
02702508-v	nampak	msa	hannahchoi
02702508-v	orang	msa	hannahchoi
03471974-n	lelaki	msa	hannahchoi
03471974-n	orang	msa	hannahchoi
03471974-n	orang lelaki	msa	hannahchoi
07942152-n	khalayak ramai	msa	hannahchoi
09908025-n	muda	msa	hannahchoi
09991026-n	orang lelaki	msa	hannahchoi
10123711-n	lelaki	msa	hannahchoi
10153414-n	orang lelaki	msa	hannahchoi
00087736-v	makan	msa	hannahchoi
00087736-v	membutuhkan	msa	hannahchoi
00087736-v	mengantongi	msa	hannahchoi
00087736-v	mengambil	msa	hannahchoi
00087736-v	mengecutkan	msa	hannahchoi
00087736-v	mengerut	msa	hannahchoi
00087736-v	mengarik	msa	hannahchoi
00087736-v	berhasil	msa	hannahchoi
00087736-v	meluwengkan	msa	hannahchoi
00087736-v	memasukkan	msa	hannahchoi
00087736-v	menguncupkan	msa	hannahchoi
00087736-v	meregangkan	msa	hannahchoi
00173338-v	mengeluarkan dari	msa	hannahchoi
00173338-v	mengganjur	msa	hannahchoi
00173338-v	mengubah	msa	hannahchoi
00173338-v	mengalih dari	msa	hannahchoi
00173338-v	menarik diri	msa	hannahchoi
00173338-v	memindahkan organ	msa	hannahchoi
00173338-v	membuka	msa	hannahchoi
00173338-v	memasukkan	msa	hannahchoi
00173338-v	berpindah	msa	hannahchoi
00173338-v	makan	msa	hannahchoi
00173338-v	meluwengkan	msa	hannahchoi
00173338-v	mengalihkan	msa	hannahchoi
00173338-v	mengambil contoh darah	msa	hannahchoi
00274724-v	makan hati	msa	hannahchoi
00274724-v	makan	msa	hannahchoi
00347420-v	bermain muzik	msa	hannahchoi
00347420-v	makan	msa	hannahchoi
00347610-v	bermain muzik	msa	hannahchoi
00347610-v	makan	msa	hannahchoi
07804323-n	nasi	msa	hannahchoi
07804323-n	padi	msa	hannahchoi
12125890-n	nasi	msa	hannahchoi
12125890-n	beras	msa	hannahchoi
00524682-v	makan	msa	hannahchoi
00524682-v	meluwengkan	msa	hannahchoi
00524682-v	memahirkan	msa	hannahchoi
00524682-v	memasukkan	msa	hannahchoi
00524682-v	membutuhkan	msa	hannahchoi
00524682-v	memikul	msa	hannahchoi
00524682-v	mempermahirkan	msa	hannahchoi
00524682-v	menjelma menjadi	msa	hannahchoi
00524682-v	mengumpamakan	msa	hannahchoi
00347610-v	mengkritik	msa	hannahchoi
00524682-v	menganut	msa	hannahchoi
00599992-v	makan	msa	hannahchoi
00599992-v	meluwengkan	msa	hannahchoi
00599992-v	memasukkan	msa	hannahchoi
00599992-v	membawa	msa	hannahchoi
00599992-v	membutuhkan	msa	hannahchoi
00599992-v	memasuki	msa	hannahchoi
00599992-v	mentelaah	msa	hannahchoi
00602255-v	makan	msa	hannahchoi
00602255-v	berasimilasi	msa	hannahchoi
00624476-v	berhasil	msa	hannahchoi
00624476-v	jadi	msa	hannahchoi
00624476-v	makan	msa	hannahchoi
00624476-v	meluwengkan	msa	hannahchoi
00624476-v	memasukkan	msa	hannahchoi
00624476-v	membawa	msa	hannahchoi
00624476-v	membutuhkan	msa	hannahchoi
00624476-v	mengarik	msa	hannahchoi
00668805-v	haah	msa	hannahchoi
00668805-v	makan	msa	hannahchoi
00668805-v	memolok	msa	hannahchoi
00668805-v	reguk	msa	hannahchoi
00668805-v	menyetujui	msa	hannahchoi
00668805-v	mereguk	msa	hannahchoi
00669762-v	makan	msa	hannahchoi
00669762-v	meluwengkan	msa	hannahchoi
00669762-v	memasukkan	msa	hannahchoi
00669762-v	membawa	msa	hannahchoi
00669762-v	membawa pergi	msa	hannahchoi
00669762-v	membutuhkan	msa	hannahchoi
00669762-v	mengemukakan kpd	msa	hannahchoi
00668805-v	bersetuju	msa	hannahchoi
00674607-v	buat pilihan	msa	hannahchoi
00674607-v	makan	msa	hannahchoi
00674607-v	meluwengkan	msa	hannahchoi
00674607-v	memasukkan	msa	hannahchoi
00674607-v	membuat pilihan	msa	hannahchoi
00674607-v	membutuhkan	msa	hannahchoi
00674607-v	pilihlah	msa	hannahchoi
00734054-v	berpendapat bahawa	msa	hannahchoi
00734054-v	berpikir-pikir	msa	hannahchoi
00674607-v	menyaring	msa	hannahchoi
00734054-v	makan	msa	hannahchoi
00734054-v	meluwengkan	msa	hannahchoi
00734054-v	memasukkan	msa	hannahchoi
00734054-v	membawa	msa	hannahchoi
00734054-v	membilang	msa	hannahchoi
00734054-v	membilangkan	msa	hannahchoi
00734054-v	membutuhkan	msa	hannahchoi
00734054-v	mengambil	msa	hannahchoi
00734054-v	mengarik	msa	hannahchoi
00734054-v	menyangkakan	msa	hannahchoi
00734054-v	bertafakur	msa	hannahchoi
00734054-v	menganggap	msa	hannahchoi
00734054-v	memandang	msa	hannahchoi
00751567-v	makan	msa	hannahchoi
00751567-v	memberi perintah	msa	hannahchoi
00751567-v	membutuhkan	msa	hannahchoi
00751567-v	memerlukan	msa	hannahchoi
00751567-v	mensyaratkan	msa	hannahchoi
00751567-v	memaksa	msa	hannahchoi
00751567-v	memaksakan	msa	hannahchoi
01151110-v	makan	msa	hannahchoi
01151110-v	meluwengkan	msa	hannahchoi
01151110-v	memaksudkan	msa	hannahchoi
01151110-v	memasukkan	msa	hannahchoi
01151110-v	membawa	msa	hannahchoi
01151110-v	menenang	msa	hannahchoi
01151110-v	membutuhkan	msa	hannahchoi
01151110-v	membimbing	msa	hannahchoi
01151110-v	mengajari	msa	hannahchoi
00599992-v	memeriksa	msa	hannahchoi
00599992-v	mempelajari	msa	hannahchoi
00599992-v	menelaah	msa	hannahchoi
00599992-v	meneliti	msa	hannahchoi
00599992-v	mengaji	ntumc	hannahchoi
00599992-v	menyelidik	msa	hannahchoi
00599992-v	menganalisis	msa	hannahchoi
00599992-v	mengarik	msa	hannahchoi
00599992-v	menghafal	msa	hannahchoi
00599992-v	mengkaji	msa	hannahchoi
01645601-v	membentuk watak	msa	hannahchoi
01645601-v	meminta	msa	hannahchoi
01712704-v	buat	msa	hannahchoi
01712704-v	membuat	msa	hannahchoi
01712704-v	mempertontonkan	msa	hannahchoi
00249736-r	di atas	ntumc	hannahchoi
00501990-r	dalam	ntumc	hannahchoi
00024073-r	belum	msa	hannahchoi
00024073-r	bukanlah	msa	hannahchoi
00024073-r	tidaklah	msa	hannahchoi
00024587-r	bukan	msa	hannahchoi
02614181-v	adalah	msa	hannahchoi
02614181-v	kelihatan	msa	hannahchoi
02614181-v	berdiam	msa	hannahchoi
02614181-v	menjadi	msa	hannahchoi
02614181-v	berkediaman	msa	hannahchoi
02614181-v	nampak	msa	hannahchoi
02614181-v	bermukim	msa	hannahchoi
02614181-v	tinggal	msa	hannahchoi
02614181-v	bersemayam	msa	hannahchoi
02614181-v	berumah	msa	hannahchoi
02614181-v	wujud	msa	hannahchoi
02620587-v	boleh disamakan	msa	hannahchoi
02620587-v	mengarang-ngarang	msa	hannahchoi
02620587-v	bentuk	msa	hannahchoi
02620587-v	meliputi	msa	hannahchoi
02620587-v	menunjukkan	msa	hannahchoi
02620587-v	berias	msa	hannahchoi
02620587-v	ialah	msa	hannahchoi
02620587-v	kelihatan	msa	hannahchoi
02620587-v	memaes	msa	hannahchoi
02620587-v	memisalkan	msa	hannahchoi
02620587-v	nampak	msa	hannahchoi
02664769-v	tertara	msa	hannahchoi
02664769-v	nampak	msa	hannahchoi
02664769-v	kelihatan	msa	hannahchoi
02664769-v	membandingi	msa	hannahchoi
02664769-v	menjadi	msa	hannahchoi
02664769-v	berukuran	msa	hannahchoi
02664769-v	setaraf	msa	hannahchoi
02664769-v	bertara	msa	hannahchoi
02664769-v	setara	msa	hannahchoi
02664769-v	setolok	msa	hannahchoi
02664769-v	berimbang	msa	hannahchoi
02664769-v	imbang	ntumc	hannahchoi
02664769-v	sebanding	msa	hannahchoi
02664769-v	sederajat	ntumc	hannahchoi
01456710-a	bernas	msa	hannahchoi
01456710-a	sarat	msa	hannahchoi
01456710-a	dalam	msa	hannahchoi
00953127-a	dalam rumah	msa	hannahchoi
00953127-a	dalam bangunan	msa	hannahchoi
00953127-a	dalam	msa	hannahchoi
00599992-v	membaca	msa	hannahchoi
00305821-r	lewat	msa	hannahchoi
00690058-a	mendalam	msa	hannahchoi
13137409-n	beri	msa	hannahchoi
13137409-n	arbei	msa	hannahchoi
13137409-n	biji	msa	hannahchoi
00270446-r	nama lain	msa	hannahchoi
00270446-r	atau	msa	hannahchoi
02568672-v	lakukan	msa	hannahchoi
02568672-v	melakukan	msa	hannahchoi
02568672-v	memahirkan	msa	hannahchoi
02568672-v	membuat	msa	hannahchoi
02568672-v	mempermahirkan	msa	hannahchoi
02568672-v	mengakok	msa	hannahchoi
02568672-v	mengawal	msa	hannahchoi
02568672-v	menjalankan	msa	hannahchoi
02568672-v	menjalankan praktik	msa	hannahchoi
02568672-v	berbuat	msa	hannahchoi
02568672-v	mempraktikan	msa	hannahchoi
02568672-v	mempratikkan	msa	hannahchoi
02568672-v	mempraktikkan	msa	hannahchoi
02568672-v	melaksanakan	msa	hannahchoi
02560585-v	membentuk	msa	hannahchoi
02560585-v	membikin	msa	hannahchoi
02560585-v	mengakok	msa	hannahchoi
02560585-v	menjadikan	msa	hannahchoi
09991026-n	orang	msa	hannahchoi
09991026-n	lelaki	msa	hannahchoi
08372411-n	orang	msa	hannahchoi
08372411-n	masyarakat	msa	hannahchoi
09908025-n	budak	msa	hannahchoi
09908025-n	laki-laki	msa	hannahchoi
09908025-n	lelaki	msa	hannahchoi
09908025-n	kawan	msa	hannahchoi
09908025-n	orang	msa	hannahchoi
09908025-n	sesama	msa	hannahchoi
09908025-n	pemuda	msa	hannahchoi
10023039-n	orang	msa	hannahchoi
10153414-n	laki-laki	ntumc	hannahchoi
10153414-n	lelaki	msa	hannahchoi
10153414-n	orang	msa	hannahchoi
00087736-v	mendapati	msa	hannahchoi
00087736-v	memperoleh	msa	hannahchoi
00087736-v	membawa	msa	hannahchoi
00087736-v	berjangkit	msa	hannahchoi
00087736-v	beroleh	msa	hannahchoi
00087736-v	menghidap	msa	hannahchoi
00087736-v	terjangkit	ntumc	hannahchoi
00274724-v	menghakis	msa	hannahchoi
00274724-v	merongrong	msa	hannahchoi
00274724-v	merusaki	ntumc	hannahchoi
00274724-v	merusakkan	ntumc	hannahchoi
00274724-v	terhakis	msa	hannahchoi
00173338-v	hengkang	msa	hannahchoi
00173338-v	membawa	msa	hannahchoi
00173338-v	membutuhkan	msa	hannahchoi
00173338-v	mengarik	msa	hannahchoi
02468635-a	memang biasa	msa	irfan
07580253-n	makanan spesial	msa	irfan
12587803-n	pohon kelapa	msa	irfan
00249852-v	membuat masak	msa	irfan
00249969-v	sudah masak	msa	irfan
01664172-v	bersedia	msa	irfan
01664172-v	bersiapkan	msa	irfan
01664172-v	masak-memasak	msa	irfan
01664172-v	membentuk	msa	irfan
01664172-v	menyediakan	msa	irfan
01664172-v	menjadikan	msa	irfan
01664172-v	membimbing	msa	irfan
01664172-v	melakukan	msa	irfan
01664172-v	siaga	msa	irfan
01664172-v	membetulkan	msa	irfan
01664172-v	membenarkan	msa	irfan
01664172-v	bermasak	msa	irfan
01664172-v	buat	msa	irfan
01664172-v	memasang	msa	irfan
01664172-v	sedia	msa	irfan
01664172-v	siap	msa	irfan
07881800-n	minuman dari ramuan khas	msa	irfan
07885223-n	minum	msa	irfan
01664172-v	membagar	msa	irfan
00065639-v	membawa	msa	irfan
00065639-v	menahan kesengsaraan	msa	irfan
00065639-v	mengadakan	msa	irfan
00065639-v	mengambil	msa	irfan
00065639-v	mengantongi	msa	irfan
00065639-v	zat makanan	msa	irfan
00120796-v	ada	msa	irfan
00120796-v	beroleh	msa	irfan
00120796-v	biar	msa	irfan
00120796-v	dapat	msa	irfan
00120796-v	memperoleh	msa	irfan
00120796-v	mempunyai	msa	irfan
00120796-v	mendapati	msa	irfan
00120796-v	mendapatkan	msa	irfan
00120796-v	mengantongi	msa	irfan
00120796-v	menyewakan	msa	irfan
00120796-v	mendapat	msa	irfan
00120796-v	mengadakan	msa	irfan
00120796-v	mengambil	msa	irfan
00120796-v	mengalami	msa	irfan
00213794-v	mengetinkan	msa	irfan
00522751-v	berlaku	msa	irfan
00522751-v	memapak	msa	irfan
00522751-v	membawa	msa	irfan
00522751-v	mengantongi	msa	irfan
00522751-v	mengambil	msa	irfan
00639849-v	membeli	msa	irfan
00639849-v	memperoleh	msa	irfan
00639849-v	mendapat	msa	irfan
00639849-v	menggemari	msa	irfan
00770437-v	ada	msa	irfan
00770437-v	beroleh	msa	irfan
00770437-v	dapat	msa	irfan
00770437-v	melakukan	msa	irfan
00770437-v	membawa	msa	irfan
00770437-v	membawakan	msa	irfan
00770437-v	membentuk	msa	irfan
00770437-v	membentuk watak	msa	irfan
00770437-v	membuatkan	msa	irfan
00770437-v	memiliki	msa	irfan
00770437-v	meminta	msa	irfan
00770437-v	memperoleh	msa	irfan
00770437-v	mempunyai	msa	irfan
00770437-v	mencambuk	msa	irfan
00770437-v	mendapat	msa	irfan
00770437-v	mendapati	msa	irfan
00770437-v	mendapatkan	msa	irfan
00770437-v	mendatangkan	msa	irfan
00770437-v	mengadakan	msa	irfan
00770437-v	mengalami	msa	irfan
00770437-v	mengambil	msa	irfan
00770437-v	mengantongi	msa	irfan
00770437-v	menggalakkan	msa	irfan
00770437-v	menimbulkan	msa	irfan
00770437-v	menyebab	msa	irfan
00770437-v	menyayukan	msa	irfan
00770437-v	terpaksa	msa	irfan
01166093-v	bersikap	msa	irfan
01166093-v	dapat	msa	irfan
01428578-v	dapat	msa	irfan
01428578-v	melakukan	msa	irfan
01428578-v	membentuk	msa	irfan
01428578-v	membentuk watak	msa	irfan
01428578-v	membuat	msa	irfan
01428578-v	membuatkan	msa	irfan
01428578-v	menjadikan	msa	irfan
02006834-v	berhasil	msa	irfan
02006834-v	dapat	msa	irfan
02006834-v	jatuh ke	msa	irfan
02006834-v	kebentok	msa	irfan
02006834-v	melanda	msa	irfan
02006834-v	melebas	msa	irfan
02006834-v	melenda	msa	irfan
02006834-v	membelasah	msa	irfan
02006834-v	memukul	msa	irfan
02006834-v	menabrak	msa	irfan
02006834-v	menakol	msa	irfan
02006834-v	mencepol	msa	irfan
02006834-v	mendarat	msa	irfan
02006834-v	menggenjot	msa	irfan
02006834-v	menggetok	msa	irfan
02006834-v	menimpa	msa	irfan
02006834-v	menoyor	msa	irfan
02006834-v	menubruk	msa	irfan
02006834-v	menyentuh	msa	irfan
02006834-v	sampai di/ke	msa	irfan
02006834-v	sampai ke	msa	irfan
02006834-v	terkena	msa	irfan
02006834-v	terlanda	msa	irfan
02006834-v	tertabrak	msa	irfan
02006834-v	tiba di	msa	irfan
02020590-v	berhasil	msa	irfan
02020590-v	dapat	msa	irfan
02020590-v	kebentok	msa	irfan
02020590-v	melakukan	msa	irfan
02020590-v	melanda	msa	irfan
02020590-v	melebas	msa	irfan
02020590-v	melenda	msa	irfan
02020590-v	membelasah	msa	irfan
02020590-v	membentuk	msa	irfan
02020590-v	membuatkan	msa	irfan
02020590-v	memukul	msa	irfan
02020590-v	menabrak	msa	irfan
02020590-v	menakol	msa	irfan
02020590-v	mencatat	msa	irfan
02020590-v	mencepol	msa	irfan
02020590-v	mengantongi	msa	irfan
02020590-v	menggenjot	msa	irfan
02020590-v	menggetok	msa	irfan
02020590-v	menimpa	msa	irfan
02020590-v	menjadikan	msa	irfan
02020590-v	menjangkau	msa	irfan
02020590-v	menoyor	msa	irfan
02020590-v	menubruk	msa	irfan
02020590-v	menyentuh	msa	irfan
02020590-v	peroleh	msa	irfan
02020590-v	sampai di	msa	irfan
02020590-v	sampai di/ke	msa	irfan
02020590-v	sampai ke	msa	irfan
02020590-v	terkena	msa	irfan
02020590-v	terlanda	msa	irfan
02020590-v	tertabrak	msa	irfan
02020590-v	tiba di	msa	irfan
02108654-v	memapak	msa	irfan
02108654-v	membawa	msa	irfan
02108654-v	menampung	msa	irfan
02108654-v	mendapati	msa	irfan
02108654-v	mengambil	msa	irfan
02108654-v	mengantongi	msa	irfan
02108654-v	menyambut	msa	irfan
02108654-v	terima	msa	irfan
02109645-v	berjangkit	msa	irfan
02109645-v	dapat	msa	irfan
02189398-v	berjangkit	msa	irfan
02189398-v	mendapat	msa	irfan
02208265-v	memperoleh	msa	irfan
02208265-v	mendapat	msa	irfan
02208265-v	menggemari	msa	irfan
02210855-v	memahirkan	msa	irfan
02210855-v	membawa	msa	irfan
02210855-v	mempermahirkan	msa	irfan
02210855-v	mengambil	msa	irfan
02210855-v	mengambilkan	msa	irfan
02238085-v	berlaku	msa	irfan
02238085-v	meraih	msa	irfan
02355596-v	ada	msa	irfan
02355596-v	melakukan	msa	irfan
02355596-v	membawa	msa	irfan
02355596-v	membentuk	msa	irfan
02355596-v	membentuk watak	msa	irfan
02355596-v	membuatkan	msa	irfan
02355596-v	memperoleh	msa	irfan
02355596-v	mengadakan	msa	irfan
02355596-v	mengalami	msa	irfan
02355596-v	mengambil	msa	irfan
02355596-v	mengantongi	msa	irfan
02355596-v	menjadikan	msa	irfan
02359340-v	menggemari	msa	irfan
02402825-v	membuang kerja	msa	irfan
02402825-v	memusnahkan	msa	irfan
02402825-v	singkir	msa	irfan
02402825-v	memperhentikan	msa	irfan
02526085-v	berjaya	msa	irfan
02526085-v	berjaya melakukan	msa	irfan
02526085-v	jayakan	msa	irfan
02526085-v	menjadikan nyata	msa	irfan
02526085-v	menjangkau	msa	irfan
02526085-v	menjayakan	msa	irfan
02526085-v	menyempurnakan	msa	irfan
02526085-v	perolehi	msa	irfan
02526085-v	sampai	msa	irfan
02526085-v	tercapai	msa	irfan
02526085-v	dapat	msa	irfan
02526085-v	melaksanakan	msa	irfan
02587532-v	betah	msa	irfan
02587532-v	dapat	msa	irfan
02587532-v	membenahi	msa	irfan
02587532-v	memegang erat	msa	irfan
02587532-v	menadbirkan	msa	irfan
02587532-v	mencari jalan keluar	msa	irfan
02587532-v	mengatur	msa	irfan
02587532-v	mengaturkan	msa	irfan
02587532-v	mengendalikan	msa	irfan
02587532-v	mengurus	msa	irfan
02587532-v	menguruskan	msa	irfan
02587532-v	mengusahakan	msa	irfan
00755745-v	makan	msa	hannahchoi
00025290-r	ke mana	msa	irfan
00025290-r	ke tempat	msa	irfan
00025290-r	tempat	msa	irfan
00027167-n	lokasi-lokasi	msa	irfan
00027167-n	titik dalam ruang	msa	irfan
00028651-n	infinite	msa	irfan
00028651-n	jarak antara	msa	irfan
00028651-n	ruang antara	msa	irfan
00028651-n	ruang tak terbatas	msa	irfan
00028651-n	tempat	msa	irfan
00586262-n	benteng	msa	irfan
00586262-n	keadaan	msa	irfan
00586262-n	kubu	msa	irfan
00586262-n	penghantaran surat	msa	irfan
00586262-n	pengiriman	msa	irfan
00586262-n	tempat	msa	irfan
00586262-n	tempat kedua	msa	irfan
00586262-n	tempat ketiga	msa	irfan
00586262-n	tempat tugas	msa	irfan
00586262-n	tugas	msa	irfan
01106405-a	tempat	msa	irfan
01106405-a	tempatan	msa	irfan
02333689-v	melawakkan	msa	irfan
02333689-v	tempat	msa	irfan
02333689-v	terletak	msa	irfan
02333689-v	termuat	msa	irfan
02737876-v	termasuk	msa	irfan
02737876-v	kepunyaan	msa	irfan
02737876-v	menganggotai	msa	irfan
05074774-n	keadaan	msa	irfan
05074774-n	kedudukan	msa	irfan
06389553-n	angkasa	msa	irfan
06389553-n	jarak antara	msa	irfan
06389553-n	ruang antara	msa	irfan
06389553-n	tempat	msa	irfan
06862202-n	tempat	msa	irfan
08500433-n	jarak antara	msa	irfan
08500433-n	angkasa lepas	msa	irfan
08500433-n	ruang antara	msa	irfan
08500433-n	tempat	msa	irfan
08513718-n	harta	msa	irfan
08559508-n	sebelah	msa	irfan
08559508-n	tempat	msa	irfan
08559508-n	tempat kediaman	msa	irfan
08619795-n	medan	msa	irfan
08619795-n	tempat	msa	irfan
08621598-n	bahagian	msa	irfan
08621598-n	jawatan	msa	irfan
08621598-n	keadaan	msa	irfan
08621598-n	kedudukan	msa	irfan
08621598-n	sebelah	msa	irfan
08621598-n	tempat biasa	msa	irfan
08622950-n	keadaan	msa	irfan
08622950-n	kedudukan	msa	irfan
08622950-n	suasana	msa	irfan
08622950-n	tapak	msa	irfan
08622950-n	tempat	msa	irfan
08624385-n	tempat tugas	msa	irfan
08630039-n	bhg	msa	irfan
08630039-n	negara	msa	irfan
08630039-n	rantau	msa	irfan
08641113-n	berhampiran	msa	irfan
08641113-n	dekat dgn	msa	irfan
08641113-n	kawasan sekeliling	msa	irfan
08641113-n	kawasan sekitar	msa	irfan
08641113-n	kawasan tetangga	msa	irfan
08641113-n	sekeliling	msa	irfan
08641113-n	tempat	msa	irfan
08642037-n	bahagian	msa	irfan
08642037-n	tempat	msa	irfan
08647616-n	kursi hakim	msa	irfan
08647616-n	tempat	msa	irfan
08652970-n	angkasa	msa	irfan
08652970-n	jarak antara	msa	irfan
08652970-n	ruang antara	msa	irfan
08674970-n	medan	msa	irfan
08674970-n	sebidang tanah	msa	irfan
08674970-n	tempat	msa	irfan
08677628-n	tempat peristiwa	msa	irfan
13910384-n	jarak	msa	irfan
13910384-n	kawasan	msa	irfan
13910384-n	kekosongan	msa	irfan
13910384-n	ruangan	msa	irfan
13926786-n	kedudukan	msa	irfan
13926786-n	suatu situasi tertentu	msa	irfan
13926786-n	tempat	msa	irfan
13947645-n	duduknya	msa	irfan
13947645-n	letaknya	msa	irfan
13947645-n	tempat	msa	irfan
14429484-n	tempat	msa	irfan
14429484-n	rengking	msa	irfan
00001740-n	hakikat	msa	irfan
00001740-n	kewujudan	msa	irfan
00001740-n	tablet	msa	irfan
00049003-n	hal memperkenalkan seseorang	msa	irfan
00049003-n	hal memperkenalkan sso	msa	irfan
00049003-n	jalan masuk	msa	irfan
00049003-n	keahlian	msa	irfan
00049003-n	kemasukan	msa	irfan
00049003-n	laluan masuk	msa	irfan
00049003-n	penyertaan	msa	irfan
00049003-n	sesuatu	msa	irfan
00049003-n	tindakan memasuki	msa	irfan
00238022-n	hal memperkenalkan seseorang	msa	irfan
00238022-n	hal memperkenalkan sso	msa	irfan
00238022-n	lontaran	msa	irfan
00238022-n	pelancaran	msa	irfan
00238022-n	pemasukan	msa	irfan
00238022-n	penyertaan	msa	irfan
00238022-n	pertunjukan yang pertama	msa	irfan
00238022-n	sesuatu	msa	irfan
00238022-n	sst	msa	irfan
00320852-n	hal memperkenalkan seseorang	msa	irfan
00320852-n	hal memperkenalkan sso	msa	irfan
00320852-n	kata pengantar	msa	irfan
00320852-n	pembukaan	msa	irfan
00320852-n	pendahuluan	msa	irfan
00320852-n	pengenalan	msa	irfan
00320852-n	perkenalan	msa	irfan
00320852-n	prakata	msa	irfan
00320852-n	sesuatu	msa	irfan
00320852-n	sst	msa	irfan
00027807-n	berbentuk	msa	irfan
00027807-n	corak	msa	irfan
00027807-n	rupa bentuk	msa	irfan
00142191-v	bentuk	msa	irfan
00142191-v	berbentuk	msa	irfan
00142191-v	corak	msa	irfan
00142191-v	mencetak	msa	irfan
02149787-a	potongan	msa	irfan
04677514-n	berbentuk	msa	irfan
04677514-n	rupa bentuk	msa	irfan
04930478-n	peraturan	msa	irfan
04930478-n	tata tertib	msa	irfan
05064037-n	berbentuk	msa	irfan
05064037-n	tatarajah	msa	irfan
05839024-n	bagai	msa	irfan
05839024-n	bentuk	msa	irfan
05839024-n	berbentuk	msa	irfan
05839024-n	kelas	msa	irfan
05839024-n	keragaman	msa	irfan
05839024-n	rupa bentuk	msa	irfan
05839024-n	pertunjukan aneka ragam	msa	irfan
05839024-n	persembahan aneka ragam	msa	irfan
05930736-n	berbentuk	msa	irfan
06290637-n	rupa bentuk	msa	irfan
00755745-v	mengajak	msa	hannahchoi
00755745-v	menanyai	msa	hannahchoi
00755745-v	bersangka	msa	hannahchoi
00755745-v	bertanyakan	msa	hannahchoi
00755745-v	mempersilakan	msa	hannahchoi
00755745-v	menjangka	msa	hannahchoi
00755745-v	menjangkakan	msa	hannahchoi
00755745-v	mensyaratkan	msa	hannahchoi
00755745-v	menyana	msa	hannahchoi
00755745-v	sangka	msa	hannahchoi
00755745-v	menyilakan	msa	hannahchoi
00755745-v	mengasakan	msa	hannahchoi
00755745-v	mengkehendaki	msa	hannahchoi
00755745-v	berkehendakkan	msa	hannahchoi
00756076-v	berhasil	msa	hannahchoi
00756076-v	jadi	msa	hannahchoi
00756076-v	makan	msa	hannahchoi
00756076-v	meluwengkan	msa	hannahchoi
00756076-v	memasukkan	msa	hannahchoi
00756076-v	membawa pergi	msa	hannahchoi
00756076-v	membutuhkan	msa	hannahchoi
00756076-v	mengangkat	msa	hannahchoi
00756076-v	mengklaim	msa	hannahchoi
00756076-v	mengarik	msa	hannahchoi
00758333-v	makan	msa	hannahchoi
00758333-v	meluwengkan	msa	hannahchoi
00758333-v	memasukkan	msa	hannahchoi
00758333-v	membutuhkan	msa	hannahchoi
00758333-v	menghendaki	msa	hannahchoi
00758333-v	membawa	msa	hannahchoi
00799076-v	hengkang	msa	hannahchoi
00799076-v	makan	msa	hannahchoi
00799076-v	memolok	msa	hannahchoi
00799076-v	menarik balik	msa	hannahchoi
00799076-v	menarik diri	msa	hannahchoi
00799076-v	mencabut	msa	hannahchoi
00799076-v	meneguk	msa	hannahchoi
00799076-v	menenggak	msa	hannahchoi
00799076-v	mengganjur	msa	hannahchoi
00799076-v	mengundurkan	msa	hannahchoi
00799076-v	mengeluarkan	msa	hannahchoi
00799076-v	mengambil	msa	hannahchoi
00799076-v	mereguk	msa	hannahchoi
00799076-v	reguk	msa	hannahchoi
00838367-n	bekalan makanan	msa	hannahchoi
00838367-n	makanan	msa	hannahchoi
01002740-v	makan	msa	hannahchoi
01002740-v	meluwengkan	msa	hannahchoi
01002740-v	memasukkan	msa	hannahchoi
01002740-v	membawa	msa	hannahchoi
01002740-v	membuat film	msa	hannahchoi
01002740-v	membuat penggambaran	msa	hannahchoi
01002740-v	membuat wayang	msa	hannahchoi
01002740-v	membutuhkan	msa	hannahchoi
01002740-v	mengambil gambar	msa	hannahchoi
01002740-v	mengarik	msa	hannahchoi
01083373-v	membongkar	msa	hannahchoi
01083373-v	melalap	msa	hannahchoi
01083373-v	memakan	msa	hannahchoi
01083373-v	makan	msa	hannahchoi
01083769-v	reguk	msa	hannahchoi
01083769-v	mereguk	msa	hannahchoi
01083769-v	meneguk	msa	hannahchoi
01083769-v	menenggak	msa	hannahchoi
01100830-v	makan	msa	hannahchoi
01100830-v	jadi	msa	hannahchoi
01151110-v	berlatih	msa	hannahchoi
01151110-v	mengarik	msa	hannahchoi
01151110-v	menggunakan	msa	hannahchoi
01156834-v	ada	msa	hannahchoi
01156834-v	berhasil	msa	hannahchoi
01156834-v	gunakan	msa	hannahchoi
01156834-v	jadi	msa	hannahchoi
01156834-v	melalap	msa	hannahchoi
01156834-v	meluwengkan	msa	hannahchoi
01156834-v	memasukkan	msa	hannahchoi
01156834-v	membawa	msa	hannahchoi
01156834-v	membutuhkan	msa	hannahchoi
01156834-v	mempunyai	msa	hannahchoi
01156834-v	menampung	msa	hannahchoi
01156834-v	mencerna	msa	hannahchoi
01156834-v	mencernakan	msa	hannahchoi
01156834-v	menelan	msa	hannahchoi
01156834-v	mengadakan	msa	hannahchoi
01156834-v	mengalami	msa	hannahchoi
01156834-v	mengarik	msa	hannahchoi
01156834-v	menghabiskan	msa	hannahchoi
07092356-n	rupa bentuk	msa	irfan
02620587-v	berbahan	msa	irfan
02620587-v	membentuk	msa	irfan
02620587-v	menjadi	msa	irfan
02621395-v	bentuk	msa	irfan
02621395-v	ialah	msa	irfan
02621395-v	melatih	msa	irfan
02621395-v	membentuk watak	msa	irfan
02621395-v	membuatkan	msa	irfan
02621395-v	menubuhkan	msa	irfan
03670849-n	barisan	msa	irfan
03670849-n	bentuk	msa	irfan
03670849-n	dawai	msa	irfan
03670849-n	deretan	msa	irfan
03670849-n	garis lurus	msa	irfan
03670849-n	jalur	msa	irfan
03670849-n	rangka	msa	irfan
03670849-n	tali	msa	irfan
03670849-n	talian	msa	irfan
03671473-n	baris	msa	irfan
03671473-n	barisan	msa	irfan
03671473-n	bentuk	msa	irfan
03671473-n	dawai	msa	irfan
03671473-n	garis	msa	irfan
03671473-n	garis lurus	msa	irfan
03671473-n	garisan	msa	irfan
03671473-n	jalur	msa	irfan
03671473-n	para hadirin	msa	irfan
03671473-n	rangka	msa	irfan
03671473-n	tali	msa	irfan
03671473-n	talian	msa	irfan
03671668-n	baris	msa	irfan
03671668-n	barisan	msa	irfan
03671668-n	bentuk	msa	irfan
03671668-n	dawai	msa	irfan
03671668-n	deretan	msa	irfan
03671668-n	garis	msa	irfan
03671668-n	garis lurus	msa	irfan
03671668-n	garisan	msa	irfan
03671668-n	jalur	msa	irfan
03671668-n	rangka	msa	irfan
03671668-n	tali	msa	irfan
03671668-n	talian	msa	irfan
04677385-n	ukuran bahan cetakan	msa	irfan
04998530-n	badan lebar	msa	irfan
04998530-n	bentuk badan	msa	irfan
05064037-n	rupa bentuk	msa	irfan
05844105-n	bergaya	msa	irfan
05844105-n	stail	msa	irfan
06799897-n	baris	msa	irfan
06799897-n	barisan	msa	irfan
06799897-n	bentuk	msa	irfan
06799897-n	dawai	msa	irfan
06799897-n	garis lurus	msa	irfan
06799897-n	jalur	msa	irfan
06799897-n	rangka	msa	irfan
06799897-n	tali	msa	irfan
06799897-n	talian	msa	irfan
08430568-n	baris	msa	irfan
08430568-n	bentuk	msa	irfan
08430568-n	garis	msa	irfan
08430568-n	garis lurus	msa	irfan
08430568-n	garisan	msa	irfan
08430568-n	jalur	msa	irfan
08430568-n	nirai	msa	irfan
08430568-n	rangka	msa	irfan
08430568-n	tali	msa	irfan
08430568-n	talian	msa	irfan
08593924-n	asal-usul	msa	irfan
08593924-n	baris	msa	irfan
08593924-n	barisan	msa	irfan
08593924-n	bentuk	msa	irfan
08593924-n	dawai	msa	irfan
08593924-n	garis keturunan	msa	irfan
08593924-n	garis lurus	msa	irfan
08593924-n	garisan	msa	irfan
08593924-n	jalur	msa	irfan
08593924-n	leluhur	msa	irfan
08593924-n	rangka	msa	irfan
08593924-n	tali	msa	irfan
08593924-n	talian	msa	irfan
08594286-n	asal-usul	msa	irfan
08594286-n	baris	msa	irfan
08594286-n	barisan pertahanan	msa	irfan
08594286-n	bentuk	msa	irfan
08594286-n	dawai	msa	irfan
08594286-n	garis	msa	irfan
08594286-n	garis keturunan	msa	irfan
08594286-n	garis lurus	msa	irfan
08594286-n	garisan	msa	irfan
08594286-n	jalur	msa	irfan
08594286-n	leluhur	msa	irfan
08594286-n	rangka	msa	irfan
08594286-n	tali	msa	irfan
08594286-n	talian	msa	irfan
13860793-n	bentuk padu	msa	irfan
13862780-n	kelihatan spt	msa	irfan
13862780-n	watak	msa	irfan
13863771-n	garis lurus	msa	irfan
13863771-n	jalur	msa	irfan
13863771-n	rangka	msa	irfan
13863771-n	tali	msa	irfan
13863771-n	talian	msa	irfan
13863771-n	baris	msa	irfan
13863771-n	barisan	msa	irfan
13863771-n	bentuk	msa	irfan
13863771-n	dawai	msa	irfan
13136556-n	kachang	msa	irfan
13136556-n	kekacang	msa	irfan
09512835-n	Nut	msa	irfan
09512835-n	nat	msa	irfan
07724943-n	kacang buncis besar	msa	irfan
07724943-n	buncis	msa	irfan
07840395-n	santan	msa	irfan
14939445-n	air	msa	irfan
14939445-n	bendalir	msa	irfan
14939445-n	cecair	msa	irfan
05398609-n	air dlm tumbuh-tumbuhan	msa	irfan
02921592-n	air	msa	irfan
02921592-n	botol minyak	msa	irfan
14546227-n	kesihatan	msa	irfan
14546227-n	bentuk	msa	irfan
14480065-n	fasa	msa	irfan
14479615-n	wujud zat	msa	irfan
01157517-v	meleburkan	msa	hannahchoi
01157517-v	melemahkan	msa	hannahchoi
01157517-v	meletihkan	msa	hannahchoi
01157517-v	menghabiskan tenaga	msa	hannahchoi
01157517-v	menyapu bersih	msa	hannahchoi
01157517-v	menyikat	msa	hannahchoi
01157517-v	menggunakan habis	msa	hannahchoi
01157517-v	mengganyang	msa	hannahchoi
01157517-v	melondong	msa	hannahchoi
01157517-v	membasmi	msa	hannahchoi
01157517-v	membelanjakan habis	msa	hannahchoi
01157517-v	memenatkan	msa	hannahchoi
01157517-v	sudah habis	msa	hannahchoi
01157517-v	menuntaskan	msa	hannahchoi
01157517-v	makan	msa	hannahchoi
01158181-v	habiskan wang	msa	hannahchoi
01158181-v	boros	msa	hannahchoi
01158181-v	membazirkan	msa	hannahchoi
01158181-v	membazir	msa	hannahchoi
01158181-v	melalap	msa	hannahchoi
01158181-v	melindangkan	msa	hannahchoi
01158181-v	memakan	msa	hannahchoi
01158181-v	membelanjakan	msa	hannahchoi
01158181-v	makan	msa	hannahchoi
01167981-v	bersantap malam	msa	hannahchoi
01158181-v	menyia-nyiakan	ntumc	hannahchoi
01158181-v	membuang	msa	hannahchoi
01158181-v	menghabiskan	msa	hannahchoi
01167981-v	makan	msa	hannahchoi
01167981-v	bersantap	msa	hannahchoi
01151110-v	melatih	msa	hannahchoi
01083373-v	rosakkan	msa	hannahchoi
01083373-v	mengubrak-abrik	msa	hannahchoi
01083373-v	menjahanamkan	msa	hannahchoi
01002740-v	membuat	msa	hannahchoi
01002740-v	mengambil	msa	hannahchoi
01002740-v	menembak	msa	hannahchoi
01002740-v	menangkap	msa	hannahchoi
00756076-v	membawa	msa	hannahchoi
00756076-v	mendakwai	msa	hannahchoi
00758333-v	mengarik	msa	hannahchoi
00758333-v	menuntut	msa	hannahchoi
00575365-n	duck soup	msa	irfan
00575365-n	kacang	msa	irfan
07724943-n	biji	msa	hannahchoi
07931733-n	air	msa	hannahchoi
07931733-n	minuman campuran rum	msa	hannahchoi
07931733-n	teh manis	msa	hannahchoi
04562658-n	air	msa	hannahchoi
13860793-n	tegap	msa	hannahchoi
13713003-n	dawai	msa	hannahchoi
13713003-n	garis lurus	msa	hannahchoi
13713003-n	talian	msa	hannahchoi
13713003-n	tali	msa	hannahchoi
13713003-n	rangka	msa	hannahchoi
13713003-n	bentuk	msa	hannahchoi
13713003-n	garis	msa	hannahchoi
13713003-n	garisan	msa	hannahchoi
13713003-n	jalur	msa	hannahchoi
13713003-n	barisan	msa	hannahchoi
08593262-n	asal-usul	msa	hannahchoi
08593262-n	talian	msa	hannahchoi
08593262-n	tali	msa	hannahchoi
08593262-n	sempadan	msa	hannahchoi
08593262-n	garis keturunan	msa	hannahchoi
08593262-n	garis lurus	msa	hannahchoi
08593262-n	leluhur	msa	hannahchoi
08593262-n	paras	msa	hannahchoi
08593262-n	rangka	msa	hannahchoi
08593262-n	deretan	msa	hannahchoi
08593262-n	dawai	msa	hannahchoi
08593262-n	bentuk	msa	hannahchoi
08593262-n	barisan	msa	hannahchoi
08593262-n	jalur	msa	hannahchoi
08593262-n	garisan	msa	hannahchoi
08593262-n	baris	msa	hannahchoi
05217168-n	susuk	msa	hannahchoi
05217168-n	susuk badan	msa	hannahchoi
05217168-n	bentuk	msa	hannahchoi
05217168-n	tubuh badan	msa	hannahchoi
05217168-n	jasmani	msa	hannahchoi
05217168-n	rupa	msa	hannahchoi
05217168-n	rangka	msa	hannahchoi
02623906-v	memegas	msa	hannahchoi
02623906-v	mencolot	msa	hannahchoi
02623906-v	membentuk	msa	hannahchoi
01204294-n	garisan	msa	hannahchoi
01204294-n	garis lurus	msa	hannahchoi
01204294-n	garis	msa	hannahchoi
01204294-n	dawai	msa	hannahchoi
01204294-n	talian	msa	hannahchoi
01204294-n	bentuk	msa	hannahchoi
01204294-n	tali	msa	hannahchoi
01204294-n	barisan	msa	hannahchoi
01204294-n	rangka	msa	hannahchoi
01204294-n	baris	msa	hannahchoi
01204294-n	jalur	msa	hannahchoi
04677514-n	paras	ntumc	hannahchoi
00038175-n	sesuatu	msa	hannahchoi
00233687-r	oleh	msa	hannahchoi
00233687-r	melintasi	msa	hannahchoi
00233687-r	lalu	msa	hannahchoi
08664443-n	tempat-tempat	msa	hannahchoi
08664443-n	premis	msa	hannahchoi
08664443-n	cacatan	msa	hannahchoi
06401107-n	tempat	msa	hannahchoi
02333689-v	menaruh	msa	hannahchoi
00025290-r	dimanapun juga	msa	hannahchoi
01095914-a	masak	msa	hannahchoi
00248026-v	menjadi tua	msa	hannahchoi
01862386-a	ekslusif	msa	irfan
01853228-a	tertentu	msa	irfan
00698572-v	khas	msa	irfan
00488187-a	tersendiri	msa	irfan
02687385-v	ke	msa	irfan
02687385-v	memandu	msa	irfan
02687385-v	membawa	msa	irfan
02687385-v	membimbing	msa	irfan
02687385-v	memerintah	msa	irfan
02687385-v	memimpin	msa	irfan
02687385-v	menemani ke	msa	irfan
02687385-v	mengatasi	msa	irfan
02687385-v	mengemudikan	msa	irfan
02687385-v	mengiring	msa	irfan
02687385-v	menuju	msa	irfan
02687385-v	menuntun	msa	irfan
02687385-v	pimpin	msa	irfan
02687385-v	menghantar	msa	irfan
02686471-v	beralih	msa	irfan
02686471-v	berangkat	msa	irfan
02686471-v	berjalan	msa	irfan
02686471-v	hidup	msa	irfan
02686471-v	ke	msa	irfan
02686471-v	memandu	msa	irfan
02686471-v	membawa	msa	irfan
02686471-v	membimbing	msa	irfan
02686471-v	memimpin	msa	irfan
02686471-v	mempengaruhi	msa	irfan
02686471-v	menemani ke	msa	irfan
02686471-v	mengajak	msa	irfan
02686471-v	mengemudikan	msa	irfan
02686471-v	mengiring	msa	irfan
02686471-v	menuntun	msa	irfan
02686471-v	menyeret	msa	irfan
02685951-v	beralih	msa	irfan
02685951-v	berangkat	msa	irfan
02685951-v	berlalu	msa	irfan
02685951-v	buyar	msa	irfan
02685951-v	hidup	msa	irfan
02685951-v	hidup bahagia	msa	irfan
02685951-v	ke	msa	irfan
02685951-v	lalu	msa	irfan
02685951-v	larikan	msa	irfan
02685951-v	luasnya	msa	irfan
02685951-v	memandu	msa	irfan
02685951-v	memasang	msa	irfan
02685951-v	membarui	msa	irfan
02685951-v	membawa	msa	irfan
02685951-v	membimbing	msa	irfan
02685951-v	membuyarkan	msa	irfan
02685951-v	memimpin	msa	irfan
02685951-v	memperbarui	msa	irfan
02685951-v	menemani ke	msa	irfan
02685951-v	menganjur	msa	irfan
02685951-v	mengemudikan	msa	irfan
02685951-v	menghabiskan	msa	irfan
02685951-v	menghabiskan masa	msa	irfan
02685951-v	menghantar	msa	irfan
02685951-v	mengiring	msa	irfan
02685951-v	mengoper	msa	irfan
02685951-v	mengoperkan	msa	irfan
02685951-v	mengulurkan	msa	irfan
02685951-v	menuju	msa	irfan
02685951-v	menuntun	msa	irfan
02685951-v	menyalip	msa	irfan
02685951-v	menyeberangi	msa	irfan
02685951-v	merentangkan	msa	irfan
02635956-v	ke	msa	irfan
02635956-v	memandu	msa	irfan
02635956-v	membimbing	msa	irfan
02635956-v	memimpin	msa	irfan
02635956-v	mempengaruhi	msa	irfan
02635956-v	menemani ke	msa	irfan
02635956-v	mengajak	msa	irfan
02635956-v	mengemudikan	msa	irfan
02635956-v	menghantar	msa	irfan
02635956-v	mengiring	msa	irfan
02635956-v	menuju	msa	irfan
02635956-v	menuntun	msa	irfan
02635956-v	menyeret	msa	irfan
01999798-v	berhasil	msa	irfan
01999798-v	berpimpin	msa	irfan
01999798-v	berulah	msa	irfan
01999798-v	di hadapan	msa	irfan
01999798-v	jadi	msa	irfan
01999798-v	ke	msa	irfan
01999798-v	makan	msa	irfan
01999798-v	meluwengkan	msa	irfan
01999798-v	memasukkan	msa	irfan
01999798-v	membawa pergi	msa	irfan
01999798-v	membentuk	msa	irfan
01999798-v	membutuhkan	msa	irfan
01999798-v	mempengaruhi	msa	irfan
01999798-v	menemani ke	msa	irfan
01999798-v	mengajak	msa	irfan
01999798-v	mengambil	msa	irfan
01999798-v	mengarik	msa	irfan
01999798-v	mengemudikan	msa	irfan
01999798-v	menghulukan	msa	irfan
01999798-v	menjuruskan	msa	irfan
01999798-v	menuju	msa	irfan
01999798-v	menunjukkan arah	msa	irfan
01999798-v	menyeret	msa	irfan
01999798-v	tunjuk	msa	irfan
01999218-v	ke	msa	irfan
01999218-v	memandu	msa	irfan
01999218-v	membawa	msa	irfan
01999218-v	membimbing	msa	irfan
01999218-v	memimpin	msa	irfan
01999218-v	menemani ke	msa	irfan
01999218-v	mengawali	msa	irfan
01999218-v	mengemudikan	msa	irfan
01999218-v	menghantar	msa	irfan
01999218-v	menuju	msa	irfan
01999218-v	menuntun	msa	irfan
00813790-v	ke	msa	irfan
00813790-v	membawa	msa	irfan
00813790-v	mempengerusikan	msa	irfan
00813790-v	mengemudikan	msa	irfan
00813790-v	menghantar	msa	irfan
00813790-v	mengiring	msa	irfan
00813790-v	menuju	msa	irfan
00813790-v	menyederhanakan	msa	irfan
00771632-v	ke	msa	irfan
00771632-v	memimpin	msa	irfan
00771632-v	menemani ke	msa	irfan
00771632-v	menghantar	msa	irfan
00771632-v	mengiring	msa	irfan
00771632-v	menuju	msa	irfan
00771632-v	menuntun	msa	irfan
00258549-r	melengkung ke dalam	msa	irfan
00258549-r	mengikut	msa	irfan
02587532-v	sanggup	msa	irfan
02587532-v	tahan	msa	irfan
02526085-v	capai	msa	irfan
02526085-v	memenuhi	msa	irfan
02402825-v	lepaskan	msa	irfan
02402825-v	membuang	msa	irfan
02402825-v	memecatkan	msa	irfan
02402825-v	memensiunkan	msa	irfan
02402825-v	pecat	msa	irfan
02359340-v	dapat	msa	irfan
02355596-v	dapat	msa	irfan
02355596-v	membuat	msa	irfan
02355596-v	mempunyai	msa	irfan
02355596-v	mendapati	msa	irfan
02238085-v	dapat	msa	irfan
02238085-v	dapatkan	msa	irfan
02238085-v	memperolehi	msa	irfan
02238085-v	mendapat	msa	irfan
02210855-v	dapat	msa	irfan
02210855-v	mendapat	msa	irfan
02210855-v	mendapati	msa	irfan
02210855-v	mengantongi	msa	irfan
02210855-v	perolehi	msa	irfan
02208265-v	dapat	msa	irfan
02189398-v	dapat	msa	irfan
02108654-v	dapat	msa	irfan
02108654-v	dihukum	msa	irfan
02020590-v	mendarat	msa	irfan
02020590-v	mengenai	msa	irfan
02020590-v	tiba	msa	irfan
02006834-v	sampai	msa	irfan
02006834-v	tiba	msa	irfan
02006834-v	mengenai	msa	irfan
00770437-v	mengakibatkan	msa	irfan
00770437-v	menjadikan	msa	irfan
00770437-v	menyebabkan	msa	irfan
00770437-v	merangsang	msa	irfan
00522751-v	dapat	msa	irfan
00522751-v	dapatkan	msa	irfan
00522751-v	menampung	msa	irfan
00522751-v	mendapati	msa	irfan
00522751-v	menemukan	msa	irfan
00522751-v	menyambut	msa	irfan
00522751-v	meraih	msa	irfan
00522751-v	perolehi	msa	irfan
00522751-v	terima	msa	irfan
00120796-v	membawa	msa	irfan
00065639-v	ada	msa	irfan
00065639-v	beroleh	msa	irfan
00065639-v	dapat	msa	irfan
00065639-v	memperoleh	msa	irfan
00065639-v	mempunyai	msa	irfan
00065639-v	mendapati	msa	irfan
02936020-a	sebagai	msa	irfan
02936020-a	kata sifat	msa	irfan
01824736-v	bagai	msa	irfan
01824736-v	bagaikan	msa	irfan
01824736-v	ganal	msa	irfan
01824736-v	harap	msa	irfan
01824736-v	kayak	msa	irfan
01824736-v	laksana	msa	irfan
01824736-v	mahu	msa	irfan
01824736-v	mengasyiki	msa	irfan
01824736-v	menghendaki	msa	irfan
01824736-v	menyenangi	msa	irfan
01824736-v	menyukai	msa	irfan
01824736-v	peduli	msa	irfan
01824736-v	sebagai	msa	irfan
01824736-v	solak	msa	irfan
01777210-v	bagaikan	msa	irfan
01777210-v	ganal	msa	irfan
01777210-v	kayak	msa	irfan
01777210-v	laksana	msa	irfan
01777210-v	menghayati	msa	irfan
01777210-v	menyayangi	msa	irfan
01777210-v	sebagai	msa	irfan
01410606-a	bagai	msa	irfan
01410606-a	bagaikan	msa	irfan
01410606-a	berserupa	msa	irfan
01410606-a	demen	msa	irfan
01410606-a	ganal	msa	irfan
01410606-a	iras-iras	msa	irfan
01410606-a	kayak	msa	irfan
01410606-a	laksana	msa	irfan
01410606-a	menyerupai	msa	irfan
01410606-a	merupai	msa	irfan
01410606-a	sebagai	msa	irfan
01410606-a	sebanding	msa	irfan
01410606-a	seiras	msa	irfan
01410606-a	seperti	msa	irfan
01410606-a	seumpamanya	msa	irfan
01410606-a	serua	msa	irfan
01409581-a	bagai	msa	irfan
01409581-a	demen	msa	irfan
01409581-a	ganal	msa	irfan
01409581-a	sebagai	msa	irfan
01409581-a	serua	msa	irfan
00022131-r	se-	ntumc	irfan
00022131-r	sebagai	msa	irfan
00022131-r	sebegitu	msa	irfan
00022131-r	selaku	msa	irfan
14050871-n	wajah yang merah	msa	irfan
14050871-n	muka merah	msa	irfan
14050871-n	merah	msa	irfan
09405949-n	sungai merah	msa	irfan
00395626-a	memerah	msa	irfan
00395626-a	menjadi merah	msa	irfan
00395626-a	merah padam	msa	irfan
00395626-a	warna merah tua	msa	irfan
00381097-a	merah ceri	msa	irfan
00381097-a	merah darah	msa	irfan
00381097-a	merah gincu	msa	irfan
00381097-a	warna merah tua	msa	irfan
01462005-v	bergumul	msa	irfan
01462005-v	gaulkan	msa	irfan
01462005-v	bercampur	msa	irfan
01462005-v	campur	msa	irfan
01462005-v	campurkan	msa	irfan
01462005-v	lakur	msa	irfan
01462005-v	membancuh	msa	irfan
01462005-v	mempergauli	msa	irfan
01462005-v	mencampur	msa	irfan
01462005-v	mencampurkan	msa	irfan
01462005-v	mencampurkan,gaulkan	msa	irfan
01462005-v	mengacau	msa	irfan
01462005-v	mengarih	msa	irfan
01462005-v	mengarun	msa	irfan
01462005-v	menggabungkan	msa	irfan
01462005-v	menggaul	msa	irfan
01462005-v	mengocok	msa	irfan
01462005-v	menyatukan	msa	irfan
01462005-v	merampai	msa	irfan
01462005-v	merampaikan	msa	irfan
01418667-v	bercampur	msa	irfan
01418667-v	campur	msa	irfan
01418667-v	lakur	msa	irfan
01418667-v	mencampur	msa	irfan
01418667-v	mencampurkan	msa	irfan
01418667-v	mengarih	msa	irfan
01418667-v	mengarun	msa	irfan
01418667-v	merampai	msa	irfan
01418667-v	merampaikan	msa	irfan
00394813-v	adun	msa	irfan
00394813-v	bergabung	msa	irfan
00394813-v	berkarau	msa	irfan
00394813-v	bertaut	msa	irfan
00394813-v	campurkan	msa	irfan
00394813-v	gabungkan	msa	irfan
00394813-v	ganduh	msa	irfan
00394813-v	meluik	msa	irfan
00394813-v	membancuh	msa	irfan
00394813-v	membancuhkan	msa	irfan
00394813-v	mencampuri	msa	irfan
00394813-v	mencampurkan	msa	irfan
05924920-n	baku	msa	irfan
05924920-n	biasa	msa	irfan
05924920-n	dasar	msa	irfan
05924920-n	kayu ukur	msa	irfan
05924920-n	lazim	msa	irfan
05924920-n	piawai	msa	irfan
05924920-n	siri	msa	irfan
02647497-v	berkeras	msa	irfan
02647497-v	biasa	msa	irfan
02647497-v	mengalir	msa	irfan
02647497-v	terus bertahan	msa	irfan
02647497-v	tetap sama	msa	irfan
02647497-v	memasang	msa	irfan
02647497-v	membetahkan	msa	irfan
02647497-v	membuyarkan	msa	irfan
02647497-v	berterusan	msa	irfan
02647497-v	buyar	msa	irfan
02647497-v	dapat bertahan	msa	irfan
02647497-v	tahan	msa	irfan
02647497-v	wujud	msa	irfan
02295998-a	piawai	msa	irfan
02295998-a	standard	msa	irfan
02295998-a	norma	msa	irfan
02295998-a	lazim	msa	irfan
01791911-a	jelas	msa	irfan
01690606-a	lazim	msa	irfan
01688757-a	menjadi umum	msa	irfan
01688757-a	lapuk	msa	irfan
01688757-a	dangkal	msa	irfan
01688757-a	basi	msa	irfan
01674604-a	agak baik	msa	irfan
01674604-a	kurang baik	msa	irfan
01674242-a	akhbar harian	msa	irfan
01674242-a	biasa	msa	irfan
01674242-a	biasa saja	msa	irfan
01674242-a	rutin	msa	irfan
01673946-a	lazim	msa	irfan
01673946-a	yang biasa	msa	irfan
01673815-a	sama	msa	irfan
01672607-a	jamak	msa	irfan
01672607-a	jelata	msa	irfan
01672607-a	kebanyakan	msa	irfan
01672607-a	ordiner	msa	irfan
01599445-a	biasa	msa	irfan
01599445-a	lazim	msa	irfan
01595440-a	normal	msa	irfan
01595312-a	lazim	msa	irfan
01593649-a	bersahaja	msa	irfan
01593649-a	lazim	msa	irfan
01593649-a	lumrah	msa	irfan
01593649-a	yang biasa	msa	irfan
01593649-a	norma	msa	irfan
01539444-a	biasa	msa	irfan
01539444-a	rendah	msa	irfan
01531957-a	medium	msa	irfan
01531957-a	pertengahan	msa	irfan
01531957-a	sederhana	msa	irfan
01026482-n	biasa	msa	irfan
00965606-a	dikenal	msa	irfan
00965606-a	sudah biasa	msa	irfan
00965606-a	sudah tahu	msa	irfan
00965606-a	terkenal	msa	irfan
00605516-a	mengikut kebiasaan	msa	irfan
00605516-a	menurut kebiasaan	msa	irfan
00605516-a	tradisi	msa	irfan
01168468-v	isi perut	msa	hannahchoi
01168468-v	mengisi perut	msa	hannahchoi
01168468-v	menyekang perut	msa	hannahchoi
01168468-v	menangsel mulut	msa	hannahchoi
01168468-v	menangsel perut	msa	hannahchoi
01169067-v	membaham	msa	hannahchoi
01169067-v	makan	msa	hannahchoi
01172701-v	menyentuhkan	msa	hannahchoi
01172701-v	menyinggung	msa	hannahchoi
01172701-v	menggoleng	msa	hannahchoi
01172701-v	makan	msa	hannahchoi
01172701-v	minum	msa	hannahchoi
01172701-v	menyayukan	msa	hannahchoi
01173933-v	makan dgn gelojoh	msa	hannahchoi
01173933-v	makan	msa	hannahchoi
01179865-v	memakan	msa	hannahchoi
01179865-v	menyuap	msa	hannahchoi
01179865-v	mengganyang	msa	hannahchoi
01168468-v	mengganyang	msa	hannahchoi
01185604-v	makan	msa	hannahchoi
01188725-v	makan	msa	hannahchoi
01188725-v	kehendak	msa	hannahchoi
01188725-v	mensyaratkan	msa	hannahchoi
01188725-v	mencita-citakan	msa	hannahchoi
01188725-v	berangan-angan	msa	hannahchoi
01188725-v	berhasrat	msa	hannahchoi
01188725-v	berkehendakkan	msa	hannahchoi
01193099-v	makan dengan gelojoh	msa	hannahchoi
01193099-v	makan	msa	hannahchoi
01193099-v	mengisi penuh-penuh	msa	hannahchoi
01193099-v	menyumbat	msa	hannahchoi
01193099-v	muak	msa	hannahchoi
01193099-v	pajuh	msa	hannahchoi
01193099-v	rakus	msa	hannahchoi
01193099-v	segah	msa	hannahchoi
01193099-v	menyendat	msa	hannahchoi
01197014-v	makan	msa	hannahchoi
01197014-v	memakan	msa	hannahchoi
01197014-v	mengalami	msa	hannahchoi
01197014-v	mengganyang	msa	hannahchoi
01197014-v	menggulingkan	msa	hannahchoi
01197014-v	menghabiskan	msa	hannahchoi
01197014-v	merodong	msa	hannahchoi
01197014-v	minum	msa	hannahchoi
01201856-v	memolok	msa	hannahchoi
01201856-v	menceguk	msa	hannahchoi
01201856-v	makan	msa	hannahchoi
01203893-v	membelenting	msa	hannahchoi
01203893-v	menggembung	msa	hannahchoi
01203893-v	membunting	msa	hannahchoi
00489491-a	selalu	msa	irfan
00489108-a	ghalib	msa	irfan
00489108-a	rujukan harian	msa	irfan
00489108-a	wajar	msa	irfan
00487525-a	piawai	msa	irfan
00487525-a	siri	msa	irfan
00487525-a	standard	msa	irfan
00485711-a	sama	msa	irfan
00394562-a	semarak	msa	irfan
01214265-v	berhasil	msa	hannahchoi
01214265-v	jadi	msa	hannahchoi
01214265-v	makan	msa	hannahchoi
01214265-v	meluwengkan	msa	hannahchoi
01214265-v	memasukkan	msa	hannahchoi
01214265-v	membutuhkan	msa	hannahchoi
01214265-v	memegang	msa	hannahchoi
01214265-v	memeluk	msa	hannahchoi
01214265-v	mengarik	msa	hannahchoi
01214265-v	merangkul	msa	hannahchoi
01214265-v	membawa	msa	hannahchoi
01326528-v	mengubrak-abrik	msa	hannahchoi
01326528-v	membinasakan	msa	hannahchoi
01326528-v	makan	msa	hannahchoi
01326528-v	melalap	msa	hannahchoi
01326528-v	meleburkan	msa	hannahchoi
01326528-v	melondong	msa	hannahchoi
01326528-v	memakan	msa	hannahchoi
01326528-v	mempertiadakan	msa	hannahchoi
01326528-v	menghancurkan	msa	hannahchoi
01326528-v	menghapuskan	msa	hannahchoi
01326528-v	mengobrak-abrik	msa	hannahchoi
01326528-v	merosakkan	msa	hannahchoi
01326528-v	meruntuhkan	msa	hannahchoi
01326528-v	menjahanamkan	msa	hannahchoi
01326528-v	menumpas	msa	hannahchoi
01326528-v	menyirnakan	msa	hannahchoi
01326528-v	menengkarapkan	msa	hannahchoi
01326528-v	memusnahkan	msa	hannahchoi
01326528-v	melumatkan	msa	hannahchoi
01326528-v	melenyapkan	msa	hannahchoi
01326528-v	meniadakan	msa	hannahchoi
01427127-v	ada	msa	hannahchoi
01427127-v	mempunyai	msa	hannahchoi
01427127-v	mengadakan	msa	hannahchoi
01427127-v	makan	msa	hannahchoi
01427127-v	meluwengkan	msa	hannahchoi
01427127-v	memasukkan	msa	hannahchoi
01427127-v	membutuhkan	msa	hannahchoi
01427127-v	mengalami	msa	hannahchoi
01427127-v	mengarik	msa	hannahchoi
01427127-v	mengesex	msa	hannahchoi
01427127-v	membawa	msa	hannahchoi
01564144-v	binasa	msa	hannahchoi
01564144-v	makan	msa	hannahchoi
01564144-v	melalap	msa	hannahchoi
01564144-v	memakan	msa	hannahchoi
01564144-v	membawa rebah	msa	hannahchoi
01564144-v	memberi rebah	msa	hannahchoi
01564144-v	mempuingkan	msa	hannahchoi
01564144-v	mengobrak-abrik	msa	hannahchoi
01564144-v	mengubrak-abrik	msa	hannahchoi
01564144-v	menjatuhkan	msa	hannahchoi
01564144-v	merosakkan	msa	hannahchoi
01564144-v	rosakkan	msa	hannahchoi
01565921-v	memakan habis	msa	hannahchoi
01565921-v	menelan habis	msa	hannahchoi
01565921-v	menghabiskan keseluruh	msa	hannahchoi
01565921-v	menghabiskan	msa	hannahchoi
01565921-v	habis dimakan	msa	hannahchoi
01582409-v	berbenam	msa	hannahchoi
01582409-v	makan	msa	hannahchoi
06256229-n	kelopak bunga	msa	irfan
06256229-n	daun	msa	irfan
02755017-v	membendung	msa	irfan
02755017-v	menampik	msa	irfan
02755017-v	menggeleng	msa	irfan
02755017-v	menyenta	msa	irfan
02755017-v	penolakan	msa	irfan
02755017-v	tentang	msa	irfan
02755017-v	tidak mahu menerima	msa	irfan
02521410-v	berselisih	msa	irfan
02521410-v	bertengkar	msa	irfan
02521410-v	membendung	msa	irfan
02521410-v	menyanggahi	msa	irfan
02521410-v	tidak setuju	msa	irfan
02378623-v	bertindak balas	msa	irfan
02378623-v	memberikan reaksi	msa	irfan
01930482-v	makan	msa	hannahchoi
01930482-v	meluwengkan	msa	hannahchoi
01930482-v	memasukkan	msa	hannahchoi
01930482-v	membawa	msa	hannahchoi
01930482-v	mengarik	msa	hannahchoi
01930482-v	membutuhkan	msa	hannahchoi
01982395-v	berantuk	msa	hannahchoi
01982395-v	berhasil	msa	hannahchoi
01982395-v	demik	msa	hannahchoi
01982395-v	jadi	msa	hannahchoi
01982395-v	makan	msa	hannahchoi
01982395-v	melebas	msa	hannahchoi
01982395-v	meluwengkan	msa	hannahchoi
01982395-v	memasukkan	msa	hannahchoi
01982395-v	membutuhkan	msa	hannahchoi
01982395-v	memikul	msa	hannahchoi
01982395-v	memukul	msa	hannahchoi
01982395-v	menabrak	msa	hannahchoi
01982395-v	menakol	msa	hannahchoi
01982395-v	mencemuk	msa	hannahchoi
01982395-v	mencepol	msa	hannahchoi
01982395-v	mencolok mata	msa	hannahchoi
01982395-v	mengambil	msa	hannahchoi
01982395-v	menggetok	msa	hannahchoi
01982395-v	menggenjot	msa	hannahchoi
01982395-v	menggampar	msa	hannahchoi
01982395-v	mengarik	msa	hannahchoi
01982395-v	mengandaikan	msa	hannahchoi
01982395-v	menoyor	msa	hannahchoi
01982395-v	menyambar	msa	hannahchoi
01982395-v	menyontok	msa	hannahchoi
01982395-v	mengumpamakan	msa	hannahchoi
01982395-v	membawa	msa	hannahchoi
01982395-v	mengira	msa	hannahchoi
01982395-v	membajau	msa	hannahchoi
01999798-v	mengiring	msa	hannahchoi
02075857-v	berhasil	msa	hannahchoi
02075857-v	jadi	msa	hannahchoi
02075857-v	makan	msa	hannahchoi
02075857-v	melakukan	msa	hannahchoi
02075857-v	meluwengkan	msa	hannahchoi
02075857-v	memasukkan	msa	hannahchoi
02075857-v	membawa	msa	hannahchoi
02075857-v	membentuk	msa	hannahchoi
02075857-v	membuatkan	msa	hannahchoi
02075857-v	membutuhkan	msa	hannahchoi
02075857-v	mengarik	msa	hannahchoi
02075857-v	mengikut	msa	hannahchoi
02075857-v	menjadikan	msa	hannahchoi
02075857-v	mengambil	msa	hannahchoi
02075857-v	membelok	msa	hannahchoi
02077656-v	meluwengkan	msa	hannahchoi
02077656-v	makan	msa	hannahchoi
02077656-v	mengarik	msa	hannahchoi
02077656-v	memasukkan	msa	hannahchoi
02077656-v	membawakan	msa	hannahchoi
02077656-v	membutuhkan	msa	hannahchoi
02077656-v	mendapatkan	msa	hannahchoi
02077656-v	menyampaikan	msa	hannahchoi
02096167-v	dipusingkan	msa	hannahchoi
02096167-v	gisar	msa	hannahchoi
02096167-v	makan	msa	hannahchoi
02096167-v	putar	msa	hannahchoi
02096167-v	berpulas	msa	hannahchoi
02096167-v	menyimpang	msa	hannahchoi
02205272-v	berhasil	msa	hannahchoi
02205272-v	jadi	msa	hannahchoi
02205272-v	memenangi	msa	hannahchoi
02205272-v	makan	msa	hannahchoi
02205272-v	menawan	msa	hannahchoi
02206619-v	menawan	msa	hannahchoi
02206619-v	makan	msa	hannahchoi
02208537-v	berhasil	msa	hannahchoi
02208537-v	mengarik	msa	hannahchoi
02208537-v	mengambil	msa	hannahchoi
02208537-v	makan	msa	hannahchoi
02208537-v	meluwengkan	msa	hannahchoi
02208537-v	memasukkan	msa	hannahchoi
02208537-v	membawa	msa	hannahchoi
02208537-v	jadi	msa	hannahchoi
02208537-v	membutuhkan	msa	hannahchoi
02208537-v	menyewakan	msa	hannahchoi
02209745-v	mengambil	msa	hannahchoi
02209745-v	berhasil	msa	hannahchoi
02209745-v	jadi	msa	hannahchoi
02209745-v	mengarik	msa	hannahchoi
02209745-v	makan	msa	hannahchoi
02209745-v	mengikat perjanjian	msa	hannahchoi
02209745-v	meluwengkan	msa	hannahchoi
02209745-v	memasukkan	msa	hannahchoi
02209745-v	membawa	msa	hannahchoi
02209745-v	membutuhkan	msa	hannahchoi
02209936-v	makan	msa	hannahchoi
02209936-v	meluwengkan	msa	hannahchoi
02209936-v	memasukkan	msa	hannahchoi
02209936-v	membawa	msa	hannahchoi
02209936-v	membutuhkan	msa	hannahchoi
02209936-v	mengarik	msa	hannahchoi
02209936-v	terima	msa	hannahchoi
02236124-v	ada	msa	hannahchoi
02236124-v	ambil	msa	hannahchoi
02236124-v	berhasil	msa	hannahchoi
02236124-v	jadi	msa	hannahchoi
02236124-v	makan	msa	hannahchoi
02236124-v	meluwengkan	msa	hannahchoi
02236124-v	memasukkan	msa	hannahchoi
02236124-v	membawa	msa	hannahchoi
02236124-v	membeli	msa	hannahchoi
02236124-v	membenarkan masuk	msa	hannahchoi
02236124-v	membutuhkan	msa	hannahchoi
02236124-v	memiliki	msa	hannahchoi
02236124-v	mempunyai	msa	hannahchoi
02236124-v	mendapat	msa	hannahchoi
02236124-v	menerima masuk	msa	hannahchoi
02236124-v	mengadakan	msa	hannahchoi
02236124-v	mengalami	msa	hannahchoi
02236124-v	mengambil	msa	hannahchoi
02236124-v	mengarik	msa	hannahchoi
02236124-v	menjual	msa	hannahchoi
02236124-v	bersetuju	msa	hannahchoi
02236624-v	bersetuju	msa	hannahchoi
02236624-v	makan	msa	hannahchoi
02236624-v	meluwengkan	msa	hannahchoi
02236624-v	memasukkan	msa	hannahchoi
02236624-v	membawa	msa	hannahchoi
02236624-v	membenarkan masuk	msa	hannahchoi
02236624-v	membutuhkan	msa	hannahchoi
02236624-v	mengakui	msa	hannahchoi
02236624-v	mengaku	msa	hannahchoi
02236624-v	menerima masuk	msa	hannahchoi
02236624-v	memikul	msa	hannahchoi
02236624-v	mengarik	msa	hannahchoi
02267989-v	duduki	msa	hannahchoi
02267989-v	memenuhi	msa	hannahchoi
02267989-v	makan	msa	hannahchoi
02267989-v	meluwengkan	msa	hannahchoi
02267989-v	mengambil masa	msa	hannahchoi
02267989-v	memasukkan	msa	hannahchoi
02267989-v	mengarik	msa	hannahchoi
02267989-v	membawa	msa	hannahchoi
02267989-v	menguras	msa	hannahchoi
02267989-v	menjajah	msa	hannahchoi
02394183-v	berhasil	msa	hannahchoi
02394183-v	jadi	msa	hannahchoi
02394183-v	makan	msa	hannahchoi
02394183-v	meluwengkan	msa	hannahchoi
02394183-v	memasukkan	msa	hannahchoi
02394183-v	membawa	msa	hannahchoi
02394183-v	membutuhkan	msa	hannahchoi
02394183-v	memenuhi	msa	hannahchoi
02394183-v	memenuhkan	msa	hannahchoi
02394183-v	mengarik	msa	hannahchoi
02394183-v	mengisi	msa	hannahchoi
02394183-v	menimbuni	msa	hannahchoi
02394183-v	menyangka	msa	hannahchoi
02394183-v	menyumbat	msa	hannahchoi
02394183-v	menjalankan	msa	hannahchoi
02599636-v	berhasil	msa	hannahchoi
02599636-v	jadi	msa	hannahchoi
02599636-v	makan	msa	hannahchoi
02599636-v	mengarik	msa	hannahchoi
02599636-v	meluwengkan	msa	hannahchoi
02599636-v	mengetuai	msa	hannahchoi
02599636-v	memasukkan	msa	hannahchoi
02599636-v	membawa	msa	hannahchoi
02599636-v	membutuhkan	msa	hannahchoi
02599636-v	mengajak	msa	hannahchoi
02627934-v	menyangkut	msa	hannahchoi
02627934-v	menyebabkan perlu	msa	hannahchoi
02627934-v	perlukan	msa	hannahchoi
02627934-v	menghendaki	msa	hannahchoi
02627934-v	mengarik	msa	hannahchoi
02627934-v	mengambil	msa	hannahchoi
02627934-v	mengajak	msa	hannahchoi
02627934-v	menanyai	msa	hannahchoi
02627934-v	mempersilakan	msa	hannahchoi
02627934-v	meminta	msa	hannahchoi
02627934-v	membawa	msa	hannahchoi
02627934-v	memasukkan	msa	hannahchoi
02627934-v	meluwengkan	msa	hannahchoi
02627934-v	melibatkan	msa	hannahchoi
02627934-v	makan	msa	hannahchoi
02627934-v	jadi	msa	hannahchoi
02627934-v	bertanyakan	msa	hannahchoi
02627934-v	berkehendakkan	msa	hannahchoi
02627934-v	berhasil	msa	hannahchoi
02627934-v	menyilakan	msa	hannahchoi
02701210-v	makan	msa	hannahchoi
02701210-v	melenggarakan	msa	hannahchoi
02701210-v	meluwengkan	msa	hannahchoi
02701210-v	memasukkan	msa	hannahchoi
02701210-v	membawa	msa	hannahchoi
02701210-v	membutuhkan	msa	hannahchoi
02701210-v	memuat	msa	hannahchoi
02701210-v	memuatkan	msa	hannahchoi
02701210-v	menahan	msa	hannahchoi
02701210-v	menakung	msa	hannahchoi
02701210-v	mencengkeram	msa	hannahchoi
02701210-v	mengarik	msa	hannahchoi
02701210-v	menggemak-gemak	msa	hannahchoi
02701210-v	muat	msa	hannahchoi
02701210-v	memegang	msa	hannahchoi
02701210-v	mengawai	msa	hannahchoi
02701210-v	mengawal	msa	hannahchoi
02701210-v	mengandung	msa	hannahchoi
02701210-v	mengisi	msa	hannahchoi
02717102-v	berhasil	msa	hannahchoi
02717102-v	jadi	msa	hannahchoi
02717102-v	makan	msa	hannahchoi
02717102-v	meluwengkan	msa	hannahchoi
02717102-v	memadati	msa	hannahchoi
02717102-v	memasukkan	msa	hannahchoi
02717102-v	membawa pergi	msa	hannahchoi
02717102-v	membebani	msa	hannahchoi
02717102-v	mengajak	msa	hannahchoi
02717102-v	mengangkat	msa	hannahchoi
02717102-v	mengarik	msa	hannahchoi
02717102-v	mengepak	msa	hannahchoi
02717102-v	menggendong	msa	hannahchoi
02717102-v	mendukung	msa	hannahchoi
02717102-v	mengangkut	msa	hannahchoi
02717102-v	menghantar	msa	hannahchoi
02717102-v	membutuhkan	msa	hannahchoi
02717102-v	membungkus	msa	hannahchoi
02717102-v	memiliki	msa	hannahchoi
02741546-v	mengarik	msa	hannahchoi
02741546-v	jadi	msa	hannahchoi
02741546-v	makan	msa	hannahchoi
02741546-v	meluwengkan	msa	hannahchoi
02741546-v	memasukkan	msa	hannahchoi
02741546-v	membawa	msa	hannahchoi
02741546-v	membutuhkan	msa	hannahchoi
02741546-v	muat	msa	hannahchoi
02741546-v	terima	msa	hannahchoi
07626602-n	gula	msa	hannahchoi
07626602-n	mentega dan telur	msa	hannahchoi
07626602-n	sirup jagung	msa	hannahchoi
07830690-n	brandy atau bumbu lainnya	msa	hannahchoi
07830690-n	gula	msa	hannahchoi
07859284-n	gula olahan	msa	hannahchoi
07926920-n	minuman campuran anggur	msa	hannahchoi
07926920-n	gula	msa	hannahchoi
07931452-n	gula	msa	hannahchoi
07931452-n	jus lemon	msa	hannahchoi
07931452-n	minuman campuran rum	msa	hannahchoi
14792703-n	gula	msa	hannahchoi
00021265-n	makan	msa	hannahchoi
00021265-n	pangan	msa	hannahchoi
01027174-v	makanan	msa	hannahchoi
01027174-v	membekali	msa	hannahchoi
01027174-v	memberi	msa	hannahchoi
01027174-v	mengepil	msa	hannahchoi
01027174-v	menyediakan	msa	hannahchoi
01027174-v	menyesuaikan	msa	hannahchoi
01027174-v	pembekalan	msa	hannahchoi
01027174-v	membubuh	msa	hannahchoi
01027174-v	membilai	msa	hannahchoi
01027174-v	melampir	msa	hannahchoi
01027174-v	mencampurkan	msa	hannahchoi
01182709-v	bekalan makanan	msa	hannahchoi
01182709-v	makanan	msa	hannahchoi
01182709-v	mencurahkan	msa	hannahchoi
01182709-v	menyajikan	msa	hannahchoi
01182709-v	menyerahkan	msa	hannahchoi
01182709-v	bekal	msa	hannahchoi
01182709-v	melayani	msa	hannahchoi
01182709-v	membekalkan	msa	hannahchoi
01182709-v	membekali	msa	hannahchoi
02327200-v	berikan	msa	hannahchoi
02327200-v	memperaboti	msa	hannahchoi
02327200-v	mensuplai	msa	hannahchoi
02327200-v	menyajikan	msa	hannahchoi
02327200-v	membekalkan	msa	hannahchoi
02327200-v	makanan	msa	hannahchoi
02327200-v	memberikan	msa	hannahchoi
02479323-v	makanan	msa	hannahchoi
02479323-v	menghantar	msa	hannahchoi
02479323-v	mengeluarkan	msa	hannahchoi
02479323-v	memberi	msa	hannahchoi
02479323-v	pembekalan	msa	hannahchoi
02479323-v	membekali	msa	hannahchoi
02479323-v	bekalkan	msa	hannahchoi
07555863-n	makanan yang keras	msa	hannahchoi
07555863-n	makanan yang padat	msa	hannahchoi
07557434-n	persantapan	msa	hannahchoi
07557434-n	santapan	msa	hannahchoi
07560652-n	makanan dan minuman	msa	hannahchoi
07561112-n	makan bersukat	msa	hannahchoi
80001507-n	air	ntumc	takkur
80001507-n	perairan	ntumc	takkur
77000121-n	sini	pron	takkur
